lineage_id,source_schema,source_table,target_schema,target_table,relationship_type,sp_name
1,Enterprise_Lakehouse,SupplyChain_Enh_1.DemandForecastSnapshotDaily,ForecastHistory_Enh,ForecastDemandMonthly,direct,ForecastHistory_Enh.ForecastDemandMonthly
2,SalesHistory_Enh,ActualDemandMonthly,ForecastHistory_Enh,NaiveForecastMonthly,direct,ForecastHistory_Enh.NaiveForecastMonthly
3,ReferenceMaster_Enh,Calendar,ForecastHistory_Enh,NaiveForecastMonthly,direct,ForecastHistory_Enh.NaiveForecastMonthly
4,SalesHistory_Enh,ActualDemandMonthly,ForecastHistory_Enh,NaiveForecastMonthly,derived,ForecastHistory_Enh.NaiveForecastMonthly
5,Enterprise_Lakehouse,Wholesale_Codis_AFI.codatan,OpenOrderHistory_Enh,OpenOrderLineLevel,direct,OpenOrderHistory_Enh.OpenOrderLineLevel
6,Enterprise_Lakehouse,Wholesale_Codis_AFI.COMAST,OpenOrderHistory_Enh,OpenOrderLineLevel,direct,OpenOrderHistory_Enh.OpenOrderLineLevel
7,Enterprise_Lakehouse,Wholesale_Codis_AFI.EXTORD,OpenOrderHistory_Enh,OpenOrderLineLevel,direct,OpenOrderHistory_Enh.OpenOrderLineLevel
8,Enterprise_Lakehouse,Wholesale_Codis_AFI.EXTORIT,OpenOrderHistory_Enh,OpenOrderLineLevel,direct,OpenOrderHistory_Enh.OpenOrderLineLevel
9,ReferenceMaster_Enh,ItemMaster,OpenOrderHistory_Enh,OpenOrderLineLevel,direct,OpenOrderHistory_Enh.OpenOrderLineLevel
10,ReferenceMaster_Enh,OrderType,OpenOrderHistory_Enh,OpenOrderLineLevel,direct,OpenOrderHistory_Enh.OpenOrderLineLevel
11,OpenOrderHistory_Enh,OpenOrderLineLevel,OpenOrderHistory_Enh,OpenOrderMonthly,direct,OpenOrderHistory_Enh.OpenOrderMonthly
12,ReferenceMaster_Enh,Calendar,OpenOrderHistory_Enh,OpenOrderMonthly,direct,OpenOrderHistory_Enh.OpenOrderMonthly
13,ReferenceMaster_Enh,CustomerAccountGroup,OpenOrderHistory_Enh,OpenOrderMonthly,direct,OpenOrderHistory_Enh.OpenOrderMonthly
14,OpenOrderHistory_Enh,OpenOrderLineLevel,OpenOrderHistory_Enh,OpenOrderMonthly,derived,OpenOrderHistory_Enh.OpenOrderMonthly
15,SalesHistory_Enh,InvoiceDetailLineLevel,SalesHistory_Enh,ActualDemandMonthly,direct,SalesHistory_Enh.ActualDemandMonthly
16,OpenOrderHistory_Enh,OpenOrderLineLevel,SalesHistory_Enh,ActualDemandMonthly,direct,SalesHistory_Enh.ActualDemandMonthly
17,ReferenceMaster_Enh,Calendar,SalesHistory_Enh,ActualDemandMonthly,direct,SalesHistory_Enh.ActualDemandMonthly
18,ReferenceMaster_Enh,CustomerAccountGroup,SalesHistory_Enh,ActualDemandMonthly,direct,SalesHistory_Enh.ActualDemandMonthly
19,SalesHistory_Enh,InvoiceDetailLineLevel,SalesHistory_Enh,ActualDemandMonthly,derived,SalesHistory_Enh.ActualDemandMonthly
20,OpenOrderHistory_Enh,OpenOrderLineLevel,SalesHistory_Enh,ActualDemandMonthly,derived,SalesHistory_Enh.ActualDemandMonthly
21,SalesHistory_Enh,InvoiceDetailLineLevel,SalesHistory_Enh,ActualDemandWeekly,direct,SalesHistory_Enh.ActualDemandWeekly
22,OpenOrderHistory_Enh,OpenOrderLineLevel,SalesHistory_Enh,ActualDemandWeekly,direct,SalesHistory_Enh.ActualDemandWeekly
23,ReferenceMaster_Enh,Calendar,SalesHistory_Enh,ActualDemandWeekly,direct,SalesHistory_Enh.ActualDemandWeekly
24,ReferenceMaster_Enh,CustomerAccountGroup,SalesHistory_Enh,ActualDemandWeekly,direct,SalesHistory_Enh.ActualDemandWeekly
25,SalesHistory_Enh,InvoiceDetailLineLevel,SalesHistory_Enh,ActualDemandWeekly,derived,SalesHistory_Enh.ActualDemandWeekly
26,OpenOrderHistory_Enh,OpenOrderLineLevel,SalesHistory_Enh,ActualDemandWeekly,derived,SalesHistory_Enh.ActualDemandWeekly
27,Enterprise_Lakehouse,SalesHistory_AFI.InvoiceDetail,SalesHistory_Enh,InvoiceDetailLineLevel,direct,SalesHistory_Enh.InvoiceDetailLineLevel
28,Enterprise_Lakehouse,SalesHistory_AFI.InvoiceHeader,SalesHistory_Enh,InvoiceDetailLineLevel,direct,SalesHistory_Enh.InvoiceDetailLineLevel
29,SalesHistory_Enh,InvoiceDetailLineLevel,SalesHistory_Enh,InvoiceWeekly,direct,SalesHistory_Enh.InvoiceWeekly
30,ReferenceMaster_Enh,Calendar,SalesHistory_Enh,InvoiceWeekly,direct,SalesHistory_Enh.InvoiceWeekly
31,SalesHistory_Enh,InvoiceDetailLineLevel,SalesHistory_Enh,InvoiceWeekly,derived,SalesHistory_Enh.InvoiceWeekly
32,ReferenceMaster_Enh,CustomerGrouping,ForecastAccuracy_DW,DimCustomerGrouping,direct,ForecastAccuracy_DW.DimCustomerGrouping
33,ReferenceMaster_Enh,ForecastHorizon,ForecastAccuracy_DW,DimForecastHorizon,direct,ForecastAccuracy_DW.DimForecastHorizon
34,SalesHistory_Enh,ActualDemandMonthly,ForecastAccuracy_DW,FactForecastActual,direct,ForecastAccuracy_DW.FactForecastActual
35,ForecastHistory_Enh,ForecastDemandMonthly,ForecastAccuracy_DW,FactForecastActual,direct,ForecastAccuracy_DW.FactForecastActual
36,ForecastHistory_Enh,NaiveForecastMonthly,ForecastAccuracy_DW,FactForecastActual,direct,ForecastAccuracy_DW.FactForecastActual
37,SalesHistory_Enh,ActualDemandMonthly,ForecastAccuracy_DW,FactForecastActual,derived,ForecastAccuracy_DW.FactForecastActual
38,ForecastHistory_Enh,ForecastDemandMonthly,ForecastAccuracy_DW,FactForecastActual,derived,ForecastAccuracy_DW.FactForecastActual
39,ForecastHistory_Enh,NaiveForecastMonthly,ForecastAccuracy_DW,FactForecastActual,derived,ForecastAccuracy_DW.FactForecastActual
40,SalesHistory_Enh,ActualDemandMonthly,ForecastAccuracy_DW,FactForecastKpi,direct,ForecastAccuracy_DW.FactForecastKpi
41,ForecastHistory_Enh,ForecastDemandMonthly,ForecastAccuracy_DW,FactForecastKpi,direct,ForecastAccuracy_DW.FactForecastKpi
42,ForecastHistory_Enh,NaiveForecastMonthly,ForecastAccuracy_DW,FactForecastKpi,direct,ForecastAccuracy_DW.FactForecastKpi
43,ReferenceMaster_Enh,ForecastHorizon,ForecastAccuracy_DW,FactForecastKpi,direct,ForecastAccuracy_DW.FactForecastKpi
44,SalesHistory_Enh,ActualDemandMonthly,ForecastAccuracy_DW,FactForecastKpi,derived,ForecastAccuracy_DW.FactForecastKpi
45,ForecastHistory_Enh,ForecastDemandMonthly,ForecastAccuracy_DW,FactForecastKpi,derived,ForecastAccuracy_DW.FactForecastKpi
46,ForecastHistory_Enh,NaiveForecastMonthly,ForecastAccuracy_DW,FactForecastKpi,derived,ForecastAccuracy_DW.FactForecastKpi
47,Enterprise_Lakehouse,MasterData_DW.DimDate,ReferenceMaster_Enh,Calendar,direct,ReferenceMaster_Enh.Calendar
48,Enterprise_Lakehouse,Customers.AccountMaster,ReferenceMaster_Enh,CustomerAccount,direct,ReferenceMaster_Enh.CustomerAccount
49,Enterprise_Lakehouse,Wholesale_ProductSourcing_AFI.CustomerGrouping,ReferenceMaster_Enh,CustomerAccountGroup,direct,ReferenceMaster_Enh.CustomerAccountGroup
50,Enterprise_Lakehouse,Wholesale_ProductSourcing_AFI.CustomerGrouping,ReferenceMaster_Enh,CustomerGrouping,direct,ReferenceMaster_Enh.CustomerGrouping
51,Enterprise_Lakehouse,Customers.ShippingLocations,ReferenceMaster_Enh,CustomerShippingLocation,direct,ReferenceMaster_Enh.CustomerShippingLocation
52,ProcessingSeed,ForecastCycle,ReferenceMaster_Enh,ForecastCycle,direct,ReferenceMaster_Enh.ForecastCycle
53,ProcessingSeed,ForecastHorizon,ReferenceMaster_Enh,ForecastHorizon,direct,ReferenceMaster_Enh.ForecastHorizon
54,Enterprise_Lakehouse,MasterData_DW.DimItemMaster,ReferenceMaster_Enh,ItemMaster,direct,ReferenceMaster_Enh.ItemMaster
55,Enterprise_Lakehouse,Wholesale_Codis_AFI.AAORDTYP,ReferenceMaster_Enh,OrderType,direct,ReferenceMaster_Enh.OrderType
56,Enterprise_Lakehouse,CustomerOrders_AFI.WarehouseMaster,ReferenceMaster_Enh,Warehouse,direct,ReferenceMaster_Enh.Warehouse
57,Enterprise_Lakehouse,ItemMaster_AFI.ITEMBL,InventoryHistory_Enh,AwdHelper,direct,InventoryHistory_Enh.AwdHelper
58,InventoryHistory_Enh,InventorySnapshotWeekly,InventoryHistory_Enh,AwdHelper,direct,InventoryHistory_Enh.AwdHelper
59,InventoryHistory_Enh,ForecastSnapshotWeekly,InventoryHistory_Enh,AwdHelper,direct,InventoryHistory_Enh.AwdHelper
60,SalesHistory_Enh,v_InvoiceDetailLineLevel,InventoryHistory_Enh,AwdHelper,direct,InventoryHistory_Enh.AwdHelper
61,InventoryHistory_Enh,InventorySnapshotWeekly,InventoryHistory_Enh,AwdHelper,derived,InventoryHistory_Enh.AwdHelper
62,InventoryHistory_Enh,ForecastSnapshotWeekly,InventoryHistory_Enh,AwdHelper,derived,InventoryHistory_Enh.AwdHelper
63,SalesHistory_Enh,v_InvoiceDetailLineLevel,InventoryHistory_Enh,AwdHelper,derived,InventoryHistory_Enh.AwdHelper
64,Staging_Wrk,DemandForecastSnapshotDaily,InventoryHistory_Enh,ForecastSnapshotWeekly,direct,InventoryHistory_Enh.ForecastSnapshotWeekly
65,InventoryHistory_Enh,HoldingTransfer,InventoryHistory_Enh,HoldingTransferSnapshotDaily,direct,InventoryHistory_Enh.HoldingTransferSnapshotDaily
66,InventoryHistory_Enh,HoldingTransfer,InventoryHistory_Enh,HoldingTransferSnapshotDaily,derived,InventoryHistory_Enh.HoldingTransferSnapshotDaily
67,Enterprise_Lakehouse,SupplyChain_Enh_1.DemandInventorySnapshotDaily,InventoryHistory_Enh,InventorySnapshotWeekly,direct,InventoryHistory_Enh.InventorySnapshotWeekly
68,InventoryHistory_Enh,ItemBalanceHistorical,InventoryHistory_Enh,InventorySnapshotWeekly,derived,InventoryHistory_Enh.InventorySnapshotWeekly
69,InventoryHistory_Enh,InventorySnapshotWeekly,InventoryHistory_Enh,InventorySnapshotWeeklyFactBase,direct,InventoryHistory_Enh.InventorySnapshotWeeklyFactBase
70,InventoryHistory_Enh,InventorySnapshotWeekly,InventoryHistory_Enh,InventorySnapshotWeeklyFactBase,derived,InventoryHistory_Enh.InventorySnapshotWeeklyFactBase
71,SupplyChain_Lakehouse,dbo.itembalance,InventoryHistory_Enh,ItemBalanceHistorical,direct,InventoryHistory_Enh.ItemBalanceHistorical
72,InventoryHistory_Enh,InventorySnapshotWeekly,InventoryHistory_Enh,LastInvoiceHelper,direct,InventoryHistory_Enh.LastInvoiceHelper
73,SalesHistory_Enh,v_InvoiceDetailLineLevel,InventoryHistory_Enh,LastInvoiceHelper,direct,InventoryHistory_Enh.LastInvoiceHelper
74,InventoryHistory_Enh,InventorySnapshotWeekly,InventoryHistory_Enh,LastInvoiceHelper,derived,InventoryHistory_Enh.LastInvoiceHelper
75,SalesHistory_Enh,v_InvoiceDetailLineLevel,InventoryHistory_Enh,LastInvoiceHelper,derived,InventoryHistory_Enh.LastInvoiceHelper
76,InventoryHistory_Enh,ManufacturingOrder,InventoryHistory_Enh,ManufacturingOrderSnapshotDaily,direct,InventoryHistory_Enh.ManufacturingOrderSnapshotDaily
77,InventoryHistory_Enh,ManufacturingOrder,InventoryHistory_Enh,ManufacturingOrderSnapshotDaily,derived,InventoryHistory_Enh.ManufacturingOrderSnapshotDaily
78,InventoryHistory_Enh,InventorySnapshotWeekly,InventoryHistory_Enh,MovementFlagHelper,direct,InventoryHistory_Enh.MovementFlagHelper
79,SalesHistory_Enh,v_InvoiceDetailLineLevel,InventoryHistory_Enh,MovementFlagHelper,direct,InventoryHistory_Enh.MovementFlagHelper
80,InventoryHistory_Enh,InventorySnapshotWeekly,InventoryHistory_Enh,MovementFlagHelper,derived,InventoryHistory_Enh.MovementFlagHelper
81,SalesHistory_Enh,v_InvoiceDetailLineLevel,InventoryHistory_Enh,MovementFlagHelper,derived,InventoryHistory_Enh.MovementFlagHelper
82,InventoryHistory_Enh,PurchaseOrder,InventoryHistory_Enh,PurchaseOrderSnapshotDaily,direct,InventoryHistory_Enh.PurchaseOrderSnapshotDaily
83,InventoryHistory_Enh,PurchaseOrder,InventoryHistory_Enh,PurchaseOrderSnapshotDaily,derived,InventoryHistory_Enh.PurchaseOrderSnapshotDaily
84,InventoryHistory_Enh,InventorySnapshotWeekly,InventoryHistory_Enh,SafetyStockHelper,direct,InventoryHistory_Enh.SafetyStockHelper
85,InventoryHistory_Enh,InventorySnapshotWeekly,InventoryHistory_Enh,SafetyStockHelper,derived,InventoryHistory_Enh.SafetyStockHelper
86,SalesHistory_Enh,v_InvoiceDetailLineLevel,InventoryHealth_DW,CogsRollingHelper,direct,InventoryHealth_DW.CogsRollingHelper
87,Enterprise_Lakehouse,ItemMaster_AFI.ITMRVA,InventoryHealth_DW,CogsRollingHelper,direct,InventoryHealth_DW.CogsRollingHelper
88,Shared_DW,DimCalendar,InventoryHealth_DW,CogsRollingHelper,direct,InventoryHealth_DW.CogsRollingHelper
89,SalesHistory_Enh,v_InvoiceDetailLineLevel,InventoryHealth_DW,CogsRollingHelper,derived,InventoryHealth_DW.CogsRollingHelper
90,Shared_DW,DimCalendar,InventoryHealth_DW,CogsRollingHelper,derived,InventoryHealth_DW.CogsRollingHelper
91,ReferenceMaster_Enh,Vendor,InventoryHealth_DW,DimVendor,direct,InventoryHealth_DW.DimVendor
92,ReferenceMaster_Enh,Vendor,InventoryHealth_DW,DimVendor,derived,InventoryHealth_DW.DimVendor
93,Enterprise_Lakehouse,ItemMaster_AFI.ITEMBL,InventoryHealth_DW,FactInventoryHealthSnapshot,direct,InventoryHealth_DW.FactInventoryHealthSnapshot
94,Enterprise_Lakehouse,ItemMaster_AFI.ITMRVA,InventoryHealth_DW,FactInventoryHealthSnapshot,direct,InventoryHealth_DW.FactInventoryHealthSnapshot
95,InventoryHistory_Enh,InventorySnapshotWeekly,InventoryHealth_DW,FactInventoryHealthSnapshot,direct,InventoryHealth_DW.FactInventoryHealthSnapshot
96,InventoryHistory_Enh,PurchaseOrderSnapshotDaily,InventoryHealth_DW,FactInventoryHealthSnapshot,direct,InventoryHealth_DW.FactInventoryHealthSnapshot
97,InventoryHistory_Enh,ManufacturingOrderSnapshotDaily,InventoryHealth_DW,FactInventoryHealthSnapshot,direct,InventoryHealth_DW.FactInventoryHealthSnapshot
98,InventoryHistory_Enh,HoldingTransferSnapshotDaily,InventoryHealth_DW,FactInventoryHealthSnapshot,direct,InventoryHealth_DW.FactInventoryHealthSnapshot
99,InventoryHistory_Enh,AwdHelper,InventoryHealth_DW,FactInventoryHealthSnapshot,direct,InventoryHealth_DW.FactInventoryHealthSnapshot
100,InventoryHistory_Enh,LastInvoiceHelper,InventoryHealth_DW,FactInventoryHealthSnapshot,direct,InventoryHealth_DW.FactInventoryHealthSnapshot
101,InventoryHistory_Enh,MovementFlagHelper,InventoryHealth_DW,FactInventoryHealthSnapshot,direct,InventoryHealth_DW.FactInventoryHealthSnapshot
102,InventoryHistory_Enh,SafetyStockHelper,InventoryHealth_DW,FactInventoryHealthSnapshot,direct,InventoryHealth_DW.FactInventoryHealthSnapshot
103,InventoryHealth_DW,CogsRollingHelper,InventoryHealth_DW,FactInventoryHealthSnapshot,direct,InventoryHealth_DW.FactInventoryHealthSnapshot
104,Shared_DW,DimCalendar,InventoryHealth_DW,FactInventoryHealthSnapshot,direct,InventoryHealth_DW.FactInventoryHealthSnapshot
105,Shared_DW,DimProduct,InventoryHealth_DW,FactInventoryHealthSnapshot,direct,InventoryHealth_DW.FactInventoryHealthSnapshot
106,Shared_DW,DimWarehouse,InventoryHealth_DW,FactInventoryHealthSnapshot,direct,InventoryHealth_DW.FactInventoryHealthSnapshot
107,InventoryHistory_Enh,InventorySnapshotWeekly,InventoryHealth_DW,FactInventoryHealthSnapshot,derived,InventoryHealth_DW.FactInventoryHealthSnapshot
108,InventoryHistory_Enh,PurchaseOrderSnapshotDaily,InventoryHealth_DW,FactInventoryHealthSnapshot,derived,InventoryHealth_DW.FactInventoryHealthSnapshot
109,InventoryHistory_Enh,ManufacturingOrderSnapshotDaily,InventoryHealth_DW,FactInventoryHealthSnapshot,derived,InventoryHealth_DW.FactInventoryHealthSnapshot
110,InventoryHistory_Enh,HoldingTransferSnapshotDaily,InventoryHealth_DW,FactInventoryHealthSnapshot,derived,InventoryHealth_DW.FactInventoryHealthSnapshot
111,InventoryHistory_Enh,AwdHelper,InventoryHealth_DW,FactInventoryHealthSnapshot,derived,InventoryHealth_DW.FactInventoryHealthSnapshot
112,InventoryHistory_Enh,LastInvoiceHelper,InventoryHealth_DW,FactInventoryHealthSnapshot,derived,InventoryHealth_DW.FactInventoryHealthSnapshot
113,InventoryHistory_Enh,MovementFlagHelper,InventoryHealth_DW,FactInventoryHealthSnapshot,derived,InventoryHealth_DW.FactInventoryHealthSnapshot
114,InventoryHistory_Enh,SafetyStockHelper,InventoryHealth_DW,FactInventoryHealthSnapshot,derived,InventoryHealth_DW.FactInventoryHealthSnapshot
115,InventoryHealth_DW,CogsRollingHelper,InventoryHealth_DW,FactInventoryHealthSnapshot,derived,InventoryHealth_DW.FactInventoryHealthSnapshot
116,Shared_DW,DimCalendar,InventoryHealth_DW,FactInventoryHealthSnapshot,derived,InventoryHealth_DW.FactInventoryHealthSnapshot
117,Shared_DW,DimProduct,InventoryHealth_DW,FactInventoryHealthSnapshot,derived,InventoryHealth_DW.FactInventoryHealthSnapshot
118,Shared_DW,DimWarehouse,InventoryHealth_DW,FactInventoryHealthSnapshot,derived,InventoryHealth_DW.FactInventoryHealthSnapshot
119,Enterprise_Lakehouse,Wholesale_DemandPlanning_AFI.SupplyPlanDetail,InventoryHealth_DW,FactInventoryRiskForward,direct,InventoryHealth_DW.FactInventoryRiskForward
120,Enterprise_Lakehouse,CustomerOrders_AFI.OpenOrderDetail,InventoryHealth_DW,FactInventoryRiskForward,direct,InventoryHealth_DW.FactInventoryRiskForward
121,Shared_DW,DimProduct,InventoryHealth_DW,FactInventoryRiskForward,direct,InventoryHealth_DW.FactInventoryRiskForward
122,Shared_DW,DimCalendar,InventoryHealth_DW,FactInventoryRiskForward,direct,InventoryHealth_DW.FactInventoryRiskForward
123,Shared_DW,DimProduct,InventoryHealth_DW,FactInventoryRiskForward,derived,InventoryHealth_DW.FactInventoryRiskForward
124,Shared_DW,DimCalendar,InventoryHealth_DW,FactInventoryRiskForward,derived,InventoryHealth_DW.FactInventoryRiskForward
125,Enterprise_Lakehouse,Purchasing_AFI.VendorMaster,ReferenceMaster_Enh,Vendor,direct,ReferenceMaster_Enh.Vendor
126,ReferenceMaster_Enh,Calendar,Shared_DW,DimCalendar,direct,Shared_DW.DimCalendar
127,Enterprise_Lakehouse,MasterData_DW.DimItemMaster,Shared_DW,DimProduct,direct,Shared_DW.DimProduct
128,Enterprise_Lakehouse,Purchasing_AFI.VendorMaster,Shared_DW,DimProduct,direct,Shared_DW.DimProduct
129,Enterprise_Lakehouse,ItemMaster_AFI.ITBEXT,Shared_DW,DimProduct,direct,Shared_DW.DimProduct
130,ReferenceMaster_Enh,Warehouse,Shared_DW,DimWarehouse,direct,Shared_DW.DimWarehouse
131,Enterprise_Lakehouse,Wholesale_Codis_AFI.AshleyWarehouseMaster,Shared_DW,DimWarehouse,direct,Shared_DW.DimWarehouse
132,Enterprise_Lakehouse,SupplyChain_Enh_1.DemandForecastSnapshotDaily,Staging_Wrk,DemandForecastSnapshotDaily,direct,Staging_Wrk.DemandForecastSnapshotDaily
133,ForecastAccuracy_DW,DimCustomerGrouping,SemanticModel,sc_forecast_control_tower,semantic,semantic::sc_forecast_control_tower::DimCustomerGrouping
134,Shared_DW,DimCalendar,SemanticModel,sc_forecast_control_tower,semantic,semantic::sc_forecast_control_tower::DimCalendar
135,Shared_DW,DimWarehouse,SemanticModel,sc_forecast_control_tower,semantic,semantic::sc_forecast_control_tower::DimWarehouse
136,Shared_DW,DimProduct,SemanticModel,sc_forecast_control_tower,semantic,semantic::sc_forecast_control_tower::DimProduct
137,ForecastAccuracy_DW,DimForecastHorizon,SemanticModel,sc_forecast_control_tower,semantic,semantic::sc_forecast_control_tower::DimForecastHorizon
138,ForecastAccuracy_DW,FactForecastActual,SemanticModel,sc_forecast_control_tower,semantic,semantic::sc_forecast_control_tower::FactForecastActual
139,ForecastAccuracy_DW,FactForecastKpi,SemanticModel,sc_forecast_control_tower,semantic,semantic::sc_forecast_control_tower::FactForecastKpi
140,InventoryHealth_DW,FactInventoryRiskForward,SemanticModel,sc_forecast_control_tower,semantic,semantic::sc_forecast_control_tower::FactInventoryRiskForward
141,Shared_DW,DimCalendar,SemanticModel,sc_inventory_health_control_tower,semantic,semantic::sc_inventory_health_control_tower::DimCalendar
142,Shared_DW,DimProduct,SemanticModel,sc_inventory_health_control_tower,semantic,semantic::sc_inventory_health_control_tower::DimProduct
143,Shared_DW,DimWarehouse,SemanticModel,sc_inventory_health_control_tower,semantic,semantic::sc_inventory_health_control_tower::DimWarehouse
144,InventoryHealth_DW,DimVendor,SemanticModel,sc_inventory_health_control_tower,semantic,semantic::sc_inventory_health_control_tower::DimVendor
145,InventoryHealth_DW,CogsRollingHelper,SemanticModel,sc_inventory_health_control_tower,semantic,semantic::sc_inventory_health_control_tower::CogsRollingHelper
146,InventoryHealth_DW,FactInventoryHealthSnapshot,SemanticModel,sc_inventory_health_control_tower,semantic,semantic::sc_inventory_health_control_tower::FactInventoryHealthSnapshot
147,InventoryHealth_DW,FactInventoryRiskForward,SemanticModel,sc_inventory_health_control_tower,semantic,semantic::sc_inventory_health_control_tower::FactInventoryRiskForward
