sp_name,view_name,target_schema,target_table,layer,load_type,frequency,execution_order,depends_on,source_objects,is_active,wave,project,asset_id,access_mode,physical_workspace,physical_item
ForecastHistory_Enh.ForecastDemandMonthly,ForecastHistory_Enh.v_ForecastDemandMonthly,ForecastHistory_Enh,ForecastDemandMonthly,DomainSilver,overwrite,daily,1,,"[""Enterprise_Lakehouse.SupplyChain_Enh_1.DemandForecastSnapshotDaily""]",True,0,forecast_accuracy,ForecastHistory_Enh.ForecastDemandMonthly,WarehouseTransform,Enterprise SupplyChain-Dev,SupplyChain_Processing_Warehouse
ForecastHistory_Enh.NaiveForecastMonthly,ForecastHistory_Enh.v_NaiveForecastMonthly,ForecastHistory_Enh,NaiveForecastMonthly,DomainSilver,overwrite,daily,1,"[""SalesHistory_Enh.ActualDemandMonthly""]","[""SalesHistory_Enh.ActualDemandMonthly"",""ReferenceMaster_Enh.Calendar""]",True,2,forecast_accuracy,ForecastHistory_Enh.NaiveForecastMonthly,WarehouseTransform,Enterprise SupplyChain-Dev,SupplyChain_Processing_Warehouse
OpenOrderHistory_Enh.OpenOrderLineLevel,OpenOrderHistory_Enh.v_OpenOrderLineLevel,OpenOrderHistory_Enh,OpenOrderLineLevel,DomainSilver,overwrite,daily,1,,"[""Enterprise_Lakehouse.Wholesale_Codis_AFI.codatan"",""Enterprise_Lakehouse.Wholesale_Codis_AFI.COMAST"",""Enterprise_Lakehouse.Wholesale_Codis_AFI.EXTORD"",""Enterprise_Lakehouse.Wholesale_Codis_AFI.EXTORIT"",""ReferenceMaster_Enh.ItemMaster"",""ReferenceMaster_Enh.OrderType""]",True,0,forecast_accuracy,OpenOrderHistory_Enh.OpenOrderLineLevel,WarehouseTransform,Enterprise SupplyChain-Dev,SupplyChain_Processing_Warehouse
OpenOrderHistory_Enh.OpenOrderMonthly,OpenOrderHistory_Enh.v_OpenOrderMonthly,OpenOrderHistory_Enh,OpenOrderMonthly,DomainSilver,overwrite,daily,1,"[""OpenOrderHistory_Enh.OpenOrderLineLevel""]","[""OpenOrderHistory_Enh.OpenOrderLineLevel"",""ReferenceMaster_Enh.Calendar"",""ReferenceMaster_Enh.CustomerAccountGroup""]",True,1,forecast_accuracy,OpenOrderHistory_Enh.OpenOrderMonthly,WarehouseTransform,Enterprise SupplyChain-Dev,SupplyChain_Processing_Warehouse
SalesHistory_Enh.ActualDemandMonthly,SalesHistory_Enh.v_ActualDemandMonthly,SalesHistory_Enh,ActualDemandMonthly,DomainSilver,overwrite,daily,1,"[""SalesHistory_Enh.InvoiceDetailLineLevel"",""OpenOrderHistory_Enh.OpenOrderLineLevel""]","[""SalesHistory_Enh.InvoiceDetailLineLevel"",""OpenOrderHistory_Enh.OpenOrderLineLevel"",""ReferenceMaster_Enh.Calendar"",""ReferenceMaster_Enh.CustomerAccountGroup""]",True,1,forecast_accuracy,SalesHistory_Enh.ActualDemandMonthly,WarehouseTransform,Enterprise SupplyChain-Dev,SupplyChain_Processing_Warehouse
SalesHistory_Enh.ActualDemandWeekly,SalesHistory_Enh.v_ActualDemandWeekly,SalesHistory_Enh,ActualDemandWeekly,DomainSilver,overwrite,daily,1,"[""SalesHistory_Enh.InvoiceDetailLineLevel"",""OpenOrderHistory_Enh.OpenOrderLineLevel""]","[""SalesHistory_Enh.InvoiceDetailLineLevel"",""OpenOrderHistory_Enh.OpenOrderLineLevel"",""ReferenceMaster_Enh.Calendar"",""ReferenceMaster_Enh.CustomerAccountGroup""]",True,1,forecast_accuracy,SalesHistory_Enh.ActualDemandWeekly,WarehouseTransform,Enterprise SupplyChain-Dev,SupplyChain_Processing_Warehouse
SalesHistory_Enh.InvoiceDetailLineLevel,SalesHistory_Enh.v_InvoiceDetailLineLevel,SalesHistory_Enh,InvoiceDetailLineLevel,DomainSilver,overwrite,daily,1,,"[""Enterprise_Lakehouse.SalesHistory_AFI.InvoiceDetail"",""Enterprise_Lakehouse.SalesHistory_AFI.InvoiceHeader""]",True,0,forecast_accuracy,SalesHistory_Enh.InvoiceDetailLineLevel,WarehouseTransform,Enterprise SupplyChain-Dev,SupplyChain_Processing_Warehouse
SalesHistory_Enh.InvoiceWeekly,SalesHistory_Enh.v_InvoiceWeekly,SalesHistory_Enh,InvoiceWeekly,DomainSilver,overwrite,daily,1,"[""SalesHistory_Enh.InvoiceDetailLineLevel""]","[""SalesHistory_Enh.InvoiceDetailLineLevel"",""ReferenceMaster_Enh.Calendar""]",True,1,forecast_accuracy,SalesHistory_Enh.InvoiceWeekly,WarehouseTransform,Enterprise SupplyChain-Dev,SupplyChain_Processing_Warehouse
ForecastAccuracy_DW.DimCustomerGrouping,ForecastAccuracy_DW.v_DimCustomerGrouping,ForecastAccuracy_DW,DimCustomerGrouping,Gold,overwrite,daily,1,,"[""ReferenceMaster_Enh.CustomerGrouping""]",True,,forecast_accuracy,ForecastAccuracy_DW.DimCustomerGrouping,GoldPublish,SupplyChain DA,SupplyChain_Gold_Warehouse
ForecastAccuracy_DW.DimForecastHorizon,ForecastAccuracy_DW.v_DimForecastHorizon,ForecastAccuracy_DW,DimForecastHorizon,Gold,overwrite,daily,1,,"[""ReferenceMaster_Enh.ForecastHorizon""]",True,,forecast_accuracy,ForecastAccuracy_DW.DimForecastHorizon,GoldPublish,SupplyChain DA,SupplyChain_Gold_Warehouse
ForecastAccuracy_DW.FactForecastActual,ForecastAccuracy_DW.v_FactForecastActual,ForecastAccuracy_DW,FactForecastActual,Gold,overwrite,daily,1,"[""SalesHistory_Enh.ActualDemandMonthly"",""ForecastHistory_Enh.ForecastDemandMonthly"",""ForecastHistory_Enh.NaiveForecastMonthly""]","[""SalesHistory_Enh.ActualDemandMonthly"",""ForecastHistory_Enh.ForecastDemandMonthly"",""ForecastHistory_Enh.NaiveForecastMonthly""]",True,,forecast_accuracy,ForecastAccuracy_DW.FactForecastActual,GoldPublish,Enterprise SupplyChain-Dev,SupplyChain_Gold_Warehouse
ForecastAccuracy_DW.FactForecastKpi,ForecastAccuracy_DW.v_FactForecastKpi,ForecastAccuracy_DW,FactForecastKpi,Gold,overwrite,daily,1,"[""SalesHistory_Enh.ActualDemandMonthly"",""ForecastHistory_Enh.ForecastDemandMonthly"",""ForecastHistory_Enh.NaiveForecastMonthly""]","[""SalesHistory_Enh.ActualDemandMonthly"",""ForecastHistory_Enh.ForecastDemandMonthly"",""ForecastHistory_Enh.NaiveForecastMonthly"",""ReferenceMaster_Enh.ForecastHorizon""]",True,,forecast_accuracy,ForecastAccuracy_DW.FactForecastKpi,GoldPublish,Enterprise SupplyChain-Dev,SupplyChain_Gold_Warehouse
bronze.brz_wholesale_codis_afi__codatan,Staging_Wrk.v_Codatan,bronze,brz_wholesale_codis_afi__codatan,LogicalBronze,overwrite,daily,0,,,True,,forecast_accuracy,Enterprise_Lakehouse.Wholesale_Codis_AFI.codatan,DirectShortcut,Enterprise SupplyChain-Dev,Enterprise_Lakehouse
bronze.brz_wholesale_codis_afi__comast,Staging_Wrk.v_Comast,bronze,brz_wholesale_codis_afi__comast,LogicalBronze,overwrite,daily,0,,,True,,forecast_accuracy,Enterprise_Lakehouse.Wholesale_Codis_AFI.COMAST,DirectShortcut,Enterprise SupplyChain-Dev,Enterprise_Lakehouse
bronze.brz_wholesale_codis_afi__extord,Staging_Wrk.v_Extord,bronze,brz_wholesale_codis_afi__extord,LogicalBronze,overwrite,daily,0,,,True,,forecast_accuracy,Enterprise_Lakehouse.Wholesale_Codis_AFI.EXTORD,DirectShortcut,Enterprise SupplyChain-Dev,Enterprise_Lakehouse
bronze.brz_wholesale_codis_afi__extorit,Staging_Wrk.v_Extorit,bronze,brz_wholesale_codis_afi__extorit,LogicalBronze,overwrite,daily,0,,,True,,forecast_accuracy,Enterprise_Lakehouse.Wholesale_Codis_AFI.EXTORIT,DirectShortcut,Enterprise SupplyChain-Dev,Enterprise_Lakehouse
ReferenceMaster_Enh.Calendar,ReferenceMaster_Enh.v_Calendar,ReferenceMaster_Enh,Calendar,ReferenceMaster,overwrite,monthly,1,,"[""Enterprise_Lakehouse.MasterData_DW.DimDate""]",True,,forecast_accuracy,ReferenceMaster_Enh.Calendar,DirectShortcut,Enterprise SupplyChain-Dev,SupplyChain_Processing_Warehouse
ReferenceMaster_Enh.CustomerAccount,ReferenceMaster_Enh.v_CustomerAccount,ReferenceMaster_Enh,CustomerAccount,ReferenceMaster,overwrite,monthly,1,,"[""Enterprise_Lakehouse.Customers.AccountMaster""]",True,,forecast_accuracy,ReferenceMaster_Enh.CustomerAccount,DirectShortcut,Enterprise SupplyChain-Dev,SupplyChain_Processing_Warehouse
ReferenceMaster_Enh.CustomerAccountGroup,ReferenceMaster_Enh.v_CustomerAccountGroup,ReferenceMaster_Enh,CustomerAccountGroup,ReferenceMaster,overwrite,monthly,1,,"[""Enterprise_Lakehouse.Wholesale_ProductSourcing_AFI.CustomerGrouping""]",True,,forecast_accuracy,ReferenceMaster_Enh.CustomerAccountGroup,DirectShortcut,Enterprise SupplyChain-Dev,SupplyChain_Processing_Warehouse
ReferenceMaster_Enh.CustomerGrouping,ReferenceMaster_Enh.v_CustomerGrouping,ReferenceMaster_Enh,CustomerGrouping,ReferenceMaster,overwrite,monthly,1,,"[""Enterprise_Lakehouse.Wholesale_ProductSourcing_AFI.CustomerGrouping""]",True,,forecast_accuracy,ReferenceMaster_Enh.CustomerGrouping,DirectShortcut,Enterprise SupplyChain-Dev,SupplyChain_Processing_Warehouse
ReferenceMaster_Enh.CustomerShippingLocation,ReferenceMaster_Enh.v_CustomerShippingLocation,ReferenceMaster_Enh,CustomerShippingLocation,ReferenceMaster,overwrite,monthly,1,,"[""Enterprise_Lakehouse.Customers.ShippingLocations""]",True,,forecast_accuracy,ReferenceMaster_Enh.CustomerShippingLocation,DirectShortcut,Enterprise SupplyChain-Dev,SupplyChain_Processing_Warehouse
ReferenceMaster_Enh.ForecastCycle,ReferenceMaster_Enh.v_ForecastCycle,ReferenceMaster_Enh,ForecastCycle,ReferenceMaster,overwrite,monthly,1,,"[""ProcessingSeed.ForecastCycle""]",True,,forecast_accuracy,ReferenceMaster_Enh.ForecastCycle,DirectShortcut,Enterprise SupplyChain-Dev,SupplyChain_Processing_Warehouse
ReferenceMaster_Enh.ForecastHorizon,ReferenceMaster_Enh.v_ForecastHorizon,ReferenceMaster_Enh,ForecastHorizon,ReferenceMaster,overwrite,monthly,1,,"[""ProcessingSeed.ForecastHorizon""]",True,,forecast_accuracy,ReferenceMaster_Enh.ForecastHorizon,DirectShortcut,Enterprise SupplyChain-Dev,SupplyChain_Processing_Warehouse
ReferenceMaster_Enh.ItemMaster,ReferenceMaster_Enh.v_ItemMaster,ReferenceMaster_Enh,ItemMaster,ReferenceMaster,overwrite,monthly,1,,"[""Enterprise_Lakehouse.MasterData_DW.DimItemMaster""]",True,,forecast_accuracy,ReferenceMaster_Enh.ItemMaster,DirectShortcut,Enterprise SupplyChain-Dev,SupplyChain_Processing_Warehouse
ReferenceMaster_Enh.OrderType,ReferenceMaster_Enh.v_OrderType,ReferenceMaster_Enh,OrderType,ReferenceMaster,overwrite,monthly,1,,"[""Enterprise_Lakehouse.Wholesale_Codis_AFI.AAORDTYP""]",True,,forecast_accuracy,ReferenceMaster_Enh.OrderType,DirectShortcut,Enterprise SupplyChain-Dev,SupplyChain_Processing_Warehouse
ReferenceMaster_Enh.Warehouse,ReferenceMaster_Enh.v_Warehouse,ReferenceMaster_Enh,Warehouse,ReferenceMaster,overwrite,daily,1,,"[""Enterprise_Lakehouse.CustomerOrders_AFI.WarehouseMaster""]",True,,forecast_accuracy,ReferenceMaster_Enh.Warehouse,DirectShortcut,Enterprise SupplyChain-Dev,SupplyChain_Processing_Warehouse
InventoryHistory_Enh.AwdHelper,InventoryHistory_Enh.v_AwdHelper,InventoryHistory_Enh,AwdHelper,DomainSilver,overwrite,daily,1,"InventoryHistory_Enh.InventorySnapshotWeekly,InventoryHistory_Enh.ForecastSnapshotWeekly,SalesHistory_Enh.v_InvoiceDetailLineLevel","[""Enterprise_Lakehouse.ItemMaster_AFI.ITEMBL"",""InventoryHistory_Enh.InventorySnapshotWeekly"",""InventoryHistory_Enh.ForecastSnapshotWeekly"",""SalesHistory_Enh.v_InvoiceDetailLineLevel""]",True,2,inventory_health,InventoryHistory_Enh.AwdHelper,WarehouseTransform,c8d9fc83-18b6-4e1d-8264-0b49eed36fe0,SupplyChain_Processing_Warehouse
InventoryHistory_Enh.ForecastSnapshotWeekly,InventoryHistory_Enh.v_ForecastSnapshotWeekly,InventoryHistory_Enh,ForecastSnapshotWeekly,DomainSilver,overwrite,weekly,1,,"[""Staging_Wrk.DemandForecastSnapshotDaily""]",True,0,inventory_health,InventoryHistory_Enh.ForecastSnapshotWeekly,WarehouseTransform,c8d9fc83-18b6-4e1d-8264-0b49eed36fe0,SupplyChain_Processing_Warehouse
InventoryHistory_Enh.HoldingTransferSnapshotDaily,InventoryHistory_Enh.v_HoldingTransferSnapshotDaily,InventoryHistory_Enh,HoldingTransferSnapshotDaily,DomainSilver,datekey,daily,1,InventoryHistory_Enh.HoldingTransfer,"[""InventoryHistory_Enh.HoldingTransfer""]",True,1,inventory_health,InventoryHistory_Enh.HoldingTransferSnapshotDaily,WarehouseTransform,c8d9fc83-18b6-4e1d-8264-0b49eed36fe0,SupplyChain_Processing_Warehouse
InventoryHistory_Enh.InventorySnapshotWeekly,InventoryHistory_Enh.v_InventorySnapshotWeekly,InventoryHistory_Enh,InventorySnapshotWeekly,DomainSilver,overwrite,weekly,1,InventoryHistory_Enh.ItemBalanceHistorical,"[""Enterprise_Lakehouse.SupplyChain_Enh_1.DemandInventorySnapshotDaily""]",True,1,inventory_health,InventoryHistory_Enh.InventorySnapshotWeekly,WarehouseTransform,c8d9fc83-18b6-4e1d-8264-0b49eed36fe0,SupplyChain_Processing_Warehouse
InventoryHistory_Enh.InventorySnapshotWeeklyFactBase,InventoryHistory_Enh.v_InventorySnapshotWeeklyFactBase,InventoryHistory_Enh,InventorySnapshotWeeklyFactBase,DomainSilver,daterange,weekly,1,InventoryHistory_Enh.InventorySnapshotWeekly,"[""InventoryHistory_Enh.InventorySnapshotWeekly""]",True,2,inventory_health,InventoryHistory_Enh.InventorySnapshotWeeklyFactBase,WarehouseTransform,c8d9fc83-18b6-4e1d-8264-0b49eed36fe0,SupplyChain_Processing_Warehouse
InventoryHistory_Enh.ItemBalanceHistorical,InventoryHistory_Enh.v_ItemBalanceHistorical,InventoryHistory_Enh,ItemBalanceHistorical,DomainSilver,overwrite,weekly,1,,"[""SupplyChain_Lakehouse.dbo.itembalance""]",True,0,inventory_health,InventoryHistory_Enh.ItemBalanceHistorical,WarehouseTransform,c8d9fc83-18b6-4e1d-8264-0b49eed36fe0,SupplyChain_Processing_Warehouse
InventoryHistory_Enh.LastInvoiceHelper,InventoryHistory_Enh.v_LastInvoiceHelper,InventoryHistory_Enh,LastInvoiceHelper,DomainSilver,overwrite,daily,1,"InventoryHistory_Enh.InventorySnapshotWeekly,SalesHistory_Enh.v_InvoiceDetailLineLevel","[""InventoryHistory_Enh.InventorySnapshotWeekly"",""SalesHistory_Enh.v_InvoiceDetailLineLevel""]",True,2,inventory_health,InventoryHistory_Enh.LastInvoiceHelper,WarehouseTransform,c8d9fc83-18b6-4e1d-8264-0b49eed36fe0,SupplyChain_Processing_Warehouse
InventoryHistory_Enh.ManufacturingOrderSnapshotDaily,InventoryHistory_Enh.v_ManufacturingOrderSnapshotDaily,InventoryHistory_Enh,ManufacturingOrderSnapshotDaily,DomainSilver,datekey,daily,1,InventoryHistory_Enh.ManufacturingOrder,"[""InventoryHistory_Enh.ManufacturingOrder""]",True,1,inventory_health,InventoryHistory_Enh.ManufacturingOrderSnapshotDaily,WarehouseTransform,c8d9fc83-18b6-4e1d-8264-0b49eed36fe0,SupplyChain_Processing_Warehouse
InventoryHistory_Enh.MovementFlagHelper,InventoryHistory_Enh.v_MovementFlagHelper,InventoryHistory_Enh,MovementFlagHelper,DomainSilver,overwrite,daily,1,"InventoryHistory_Enh.InventorySnapshotWeekly,SalesHistory_Enh.v_InvoiceDetailLineLevel","[""InventoryHistory_Enh.InventorySnapshotWeekly"",""SalesHistory_Enh.v_InvoiceDetailLineLevel""]",True,2,inventory_health,InventoryHistory_Enh.MovementFlagHelper,WarehouseTransform,c8d9fc83-18b6-4e1d-8264-0b49eed36fe0,SupplyChain_Processing_Warehouse
InventoryHistory_Enh.PurchaseOrderSnapshotDaily,InventoryHistory_Enh.v_PurchaseOrderSnapshotDaily,InventoryHistory_Enh,PurchaseOrderSnapshotDaily,DomainSilver,datekey,daily,1,InventoryHistory_Enh.PurchaseOrder,"[""InventoryHistory_Enh.PurchaseOrder""]",True,1,inventory_health,InventoryHistory_Enh.PurchaseOrderSnapshotDaily,WarehouseTransform,c8d9fc83-18b6-4e1d-8264-0b49eed36fe0,SupplyChain_Processing_Warehouse
InventoryHistory_Enh.SafetyStockHelper,InventoryHistory_Enh.v_SafetyStockHelper,InventoryHistory_Enh,SafetyStockHelper,DomainSilver,overwrite,daily,1,InventoryHistory_Enh.InventorySnapshotWeekly,"[""InventoryHistory_Enh.InventorySnapshotWeekly""]",True,2,inventory_health,InventoryHistory_Enh.SafetyStockHelper,WarehouseTransform,c8d9fc83-18b6-4e1d-8264-0b49eed36fe0,SupplyChain_Processing_Warehouse
InventoryHealth_DW.CogsRollingHelper,InventoryHealth_DW.v_CogsRollingHelper,InventoryHealth_DW,CogsRollingHelper,Gold,overwrite,daily,1,"SalesHistory_Enh.v_InvoiceDetailLineLevel,Shared_DW.DimCalendar","[""SalesHistory_Enh.v_InvoiceDetailLineLevel"",""Enterprise_Lakehouse.ItemMaster_AFI.ITMRVA"",""Shared_DW.DimCalendar""]",True,,inventory_health,InventoryHealth_DW.CogsRollingHelper,GoldPublish,c8d9fc83-18b6-4e1d-8264-0b49eed36fe0,SupplyChain_Gold_Warehouse
InventoryHealth_DW.DimVendor,InventoryHealth_DW.v_DimVendor,InventoryHealth_DW,DimVendor,Gold,overwrite,monthly,1,ReferenceMaster_Enh.Vendor,"[""ReferenceMaster_Enh.Vendor""]",True,,inventory_health,InventoryHealth_DW.DimVendor,GoldPublish,c8d9fc83-18b6-4e1d-8264-0b49eed36fe0,SupplyChain_Gold_Warehouse
InventoryHealth_DW.FactInventoryHealthSnapshot,InventoryHealth_DW.v_FactInventoryHealthSnapshot,InventoryHealth_DW,FactInventoryHealthSnapshot,Gold,overwrite,daily,1,"InventoryHistory_Enh.InventorySnapshotWeekly,InventoryHistory_Enh.PurchaseOrderSnapshotDaily,InventoryHistory_Enh.ManufacturingOrderSnapshotDaily,InventoryHistory_Enh.HoldingTransferSnapshotDaily,InventoryHistory_Enh.AwdHelper,InventoryHistory_Enh.LastInvoiceHelper,InventoryHistory_Enh.MovementFlagHelper,InventoryHistory_Enh.SafetyStockHelper,InventoryHealth_DW.CogsRollingHelper,Shared_DW.DimCalendar,Shared_DW.DimProduct,Shared_DW.DimWarehouse","[""Enterprise_Lakehouse.ItemMaster_AFI.ITEMBL"",""Enterprise_Lakehouse.ItemMaster_AFI.ITMRVA"",""InventoryHistory_Enh.InventorySnapshotWeekly"",""InventoryHistory_Enh.PurchaseOrderSnapshotDaily"",""InventoryHistory_Enh.ManufacturingOrderSnapshotDaily"",""InventoryHistory_Enh.HoldingTransferSnapshotDaily"",""InventoryHistory_Enh.AwdHelper"",""InventoryHistory_Enh.LastInvoiceHelper"",""InventoryHistory_Enh.MovementFlagHelper"",""InventoryHistory_Enh.SafetyStockHelper"",""InventoryHealth_DW.CogsRollingHelper"",""Shared_DW.DimCalendar"",""Shared_DW.DimProduct"",""Shared_DW.DimWarehouse""]",True,,inventory_health,InventoryHealth_DW.FactInventoryHealthSnapshot,GoldPublish,c8d9fc83-18b6-4e1d-8264-0b49eed36fe0,SupplyChain_Gold_Warehouse
InventoryHealth_DW.FactInventoryRiskForward,InventoryHealth_DW.v_FactInventoryRiskForward,InventoryHealth_DW,FactInventoryRiskForward,Gold,overwrite,daily,1,"Shared_DW.DimProduct,Shared_DW.DimCalendar","[""Enterprise_Lakehouse.Wholesale_DemandPlanning_AFI.SupplyPlanDetail"",""Enterprise_Lakehouse.CustomerOrders_AFI.OpenOrderDetail"",""Shared_DW.DimProduct"",""Shared_DW.DimCalendar""]",True,,inventory_health,InventoryHealth_DW.FactInventoryRiskForward,GoldPublish,c8d9fc83-18b6-4e1d-8264-0b49eed36fe0,SupplyChain_Gold_Warehouse
ReferenceMaster_Enh.Vendor,ReferenceMaster_Enh.v_Vendor,ReferenceMaster_Enh,Vendor,ReferenceMaster,overwrite,monthly,1,,"[""Enterprise_Lakehouse.Purchasing_AFI.VendorMaster""]",True,,inventory_health,ReferenceMaster_Enh.Vendor,WarehouseTransform,c8d9fc83-18b6-4e1d-8264-0b49eed36fe0,SupplyChain_Processing_Warehouse
Shared_DW.DimCalendar,Shared_DW.v_DimCalendar,Shared_DW,DimCalendar,Gold,overwrite,daily,1,,"[""ReferenceMaster_Enh.Calendar""]",True,,shared,Shared_DW.DimCalendar,GoldPublish,SupplyChain DA,SupplyChain_Gold_Warehouse
Shared_DW.DimProduct,Shared_DW.v_DimProduct,Shared_DW,DimProduct,Gold,overwrite,daily,1,,"[""Enterprise_Lakehouse.MasterData_DW.DimItemMaster"",""Enterprise_Lakehouse.Purchasing_AFI.VendorMaster"",""Enterprise_Lakehouse.ItemMaster_AFI.ITBEXT""]",True,,shared,Shared_DW.DimProduct,GoldPublish,SupplyChain DA,SupplyChain_Gold_Warehouse
Shared_DW.DimWarehouse,Shared_DW.v_DimWarehouse,Shared_DW,DimWarehouse,Gold,overwrite,daily,1,,"[""ReferenceMaster_Enh.Warehouse"",""Enterprise_Lakehouse.Wholesale_Codis_AFI.AshleyWarehouseMaster""]",True,,shared,Shared_DW.DimWarehouse,GoldPublish,SupplyChain DA,SupplyChain_Gold_Warehouse
Staging_Wrk.DemandForecastSnapshotDaily,Staging_Wrk.v_DemandForecastSnapshotDaily,Staging_Wrk,DemandForecastSnapshotDaily,Staging,incremental,daily,1,,"[""Enterprise_Lakehouse.SupplyChain_Enh_1.DemandForecastSnapshotDaily""]",True,,shared,Staging_Wrk.DemandForecastSnapshotDaily,WarehouseTransform,Enterprise SupplyChain-Dev,SupplyChain_Processing_Warehouse
